Counting after Sept 26 2023 only,,,,,,
Gaming,Anime,Movies,TV Series,Visual Novels,Manga,
Ghostwire Tokyo,Suzume no Tojimari (2022),V for Vendetta (2006),Peaky Blinders (S1),YOU and ME and HER: A Love Story,Umineko When They Cry - Episode 1,
Lies of P,Blue Lock,Memories of Murder (2003),Peaky Blinders (S2),[DC] Subarashiki Hibi,Umineko When They Cry - Episode 2,
[DC] Starfield,The Eminence in Shadow (S1),Oppenheimer (2023),Peaky Blinders (S3),ChäoS;HEAd NoAH,Umineko When They Cry - Episode 3,
Like a Dragon: Ishin,The Eminence in Shadow (S2),Event Horizon (1997),Peaky Blinders (S4),Cartagra ~Affliction of the Soul~,Umineko When They Cry - Episode 4,
Alan Wake 2,Jujutsu Kaisen (S2),Dungeons & Dragons: Honor Among Thieves (2023),Monarch: Legacy of Monsters (S1),[DC] Kara no Shoujo,Umineko When They Cry - Episode 5,
Xenoblade Chronicles 3,Vinland Saga (S2),Godzilla Minus One (2023),Invincible (S1),,Umineko When They Cry - Episode 6,
Astral Chain,Attack on Titan Finale,Enola Holmes (2020),"Invincible (S1, S2 Part 1)",,[DC] Shingetsutan Tsukihime,
Bayonetta,[DC] Zom 100: Bucket List of the Dead,Good Newwz (2019),Patal Lok (S1),,Muv-Luv Extra,
Yakuza Kiwami 2,[DC] Sousou no Frieren,Killers of the Flower Moon (2023),Fallout,,Muv-Luv Unlimited,
Like a Dragon Gaiden: The Man Who Erased His Name,Mushoku Tensei (S1 Part 2),Ex-Machina (2014),Westworld (S1),,Hellstar Remina,
Cyberpunk 2077,Kono Subarashii Sekai ni Shukufuku wo! (S3),Dune: Part Two (2024),Silo,,Chainsaw Man (Part 1),
Lost Judgment,Mushoku Tensei (S2),The Ministry of Ungentlemanly Warfare (2024),Shogun,,Muv-Luv Alternative,
Final Fantasy XVI - Echoes of the Fallen DLC,Kimetsu no Yaiba (S3),Godzilla x Kong: The New Empire (2024),The Gentlemen,,Jagaaan,
Marvel's Spider-Man 2,Kimetsu no Yaiba (S4),A Quiet Place: Day One (2024),House of the Dragon (S2),,[DC] Berserk,
Baldur's Gate 3,Girls Band Cry,Twisters (2024),Castlevania (S1),,"Goodbye, Eri",
[DC] Persona 3 Reload,BanG Dream! It's MyGO!!!!!,The Others (2001),Castlevania (S2),,,
Dragon's Dogma 2,NieR Automata Ver1.1a (Part 1),Alien: Romulus (2024),House of Secrets: The Burari Deaths,,,
Elden Ring: Shadow of the Erdtree,[DC] Make Heroine ga Oosugiru,Companion (2025),Castlevania (S3),,,
Like a Dragon: Infinite Wealth,[DC] Uzumaki,Raiders of the Lost Ark (1981),Castlevania (S4),,,
"Trails Recap: Liberl, Crossbell and Coldsteel Arcs",Oshi no Ko (S2),Indiana Jones and the Temple of Doom (1984),Arcane (S2),,,
The Legend of Heroes: Trails into Reverie,Doll's Frontline,The Long Walk (2025),Castlevania: Nocturne (S1),,,
"Warhammer 40,000: Space Marine 2",Dandadan (S1),Weapons (2025),Invincible (S2 Part 2),,,
[DC] Snowbreak: Containment Zone,Muv-Luv Alternative (S1),F1 (2025),Patal Lok (S2),,,
Black Myth Wukong,Muv-Luv Alternative (S2),Blade Runner 2049 (2017),Invincible (S3),,,
Silent Hill 2 Remake,Mayonaka Punch,Spider-Man: Into the Spider-Verse (2018),Severance (S2),,,
Wuthering Waves (1.0 - 1.4),NieR Automata Ver1.1a (Part 2),Jurassic World Rebirth (2025),Andor (S2),,,
Metaphor Refantazio,Neon Genesis Evangelion,American Psycho (2000),Parasyte: The Grey,,,
Girl's Frontline 2: Exilium (Ch1-8 + lvl 50),"Neon Genesis Evangelion: The End of Evangelion (1997)",The Lion King (1994),12 Monkeys (S1),,,
Lollipop Chainsaw RePOP,Evangelion: 1.0 You Are (Not) Alone (2007),Avatar (2009),12 Monkeys (S2),,,
[DC] Tokyo Mirage Sessions #FE,Evangelion: 2.0 You Can (Not) Advance (2009),Deepwater Horizon (2016),12 Monkeys (S3),,,
Like a Dragon: Pirate Yakuza in Hawaii,Evangelion: 3.0 You Can (Not) Redo (2012),Avatar: The Way of Water (2022),12 Monkeys (S4),,,
Venus Vacation PRISM - DoA Xtreme,Evangelion: 3.0+1.0 Thrice Upon a Time (2021),Avatar: Fire and Ash (2025),Alien: Earth,,,
Resident Evil 5,Maquia: When the Promised Flower Blooms (2018),Spider-Man: Across The Spider-Verse (2023),[DC] Pluribus,,,
Binary Domain,Kono Subarashii Sekai ni Shukufuku wo! (S3) OVA,Predator: Badlands (2025),Stranger Things (S1),,,
[DC] Atelier Yumia: The Alchemist of Memories & the Envisioned Land,"The 100 Girlfriends Who Really, Really, Really, Really, Really Love You (S1)",Greenland 2: Migration (2026),Stranger Things (S2),,,
Clair Obscur: Expedition 33,"The 100 Girlfriends Who Really, Really, Really, Really, Really Love You (S2)",Thunderbolts* (2025),Stranger Things (S3),,,
Spec Ops: The Line,Rascal Does Not Dream of a Dreaming Girl (S1),Fall (2022),Stranger Things (S4),,,
Elden Ring Nightreign,Hori san to Miyamura kun,Kong: Skull Island (2017),Stranger Things (S5),,,
DOOM: The Dark Ages,Medalist,Project Hail Mary (2026),[DC] Bodyguard,,,
[DC] Persona 5: The Phantom X,Uma Musume: Pretty Derby (S1),[DC] The Fantastic Four: First Steps,Monarch: Legacy of Monsters (S2),,,
Metal Gear Solid,Uma Musume: Pretty Derby - BNW no Chikai,The Big Short (2015),The Terror (S1),,,
Stellar Blade,Uma Musume: Pretty Derby (S2),Ready or Not (2019),,,,
Cronos: The New Dawn,Uma Musume: Pretty Derby (S3),The Descent (2005),,,,
[DC] Dying Light: The Beast,Demon Slayer: Kimetsu no Yaiba – The Movie: Infinity Castle,Underwater (2020),,,,
Silent Hill f,Uma Musume: Pretty Derby - Road to the Top,Dredd (2012),,,,
Trails in the Sky 1st Chapter,Bâan -The Boundaries of Adulthood,Obsession (2026),,,,
Ghost of Yotei,Dandadan (S2),Hokum (2026),,,,
Wuthering Waves (2.0 - 2.8),Look Back (2024),Moon (2009),,,,
[DC] Arknights: Endfield,Chainsaw Man – The Movie: Reze Arc (2025),Backrooms (2026),,,,
Goddess of Victory: Nikke (Year 1),Call of the Night (S2),The Meg (2018),,,,
Goddess of Victory: Nikke (Year 2),Blue Lock (S2),Life (2017),,,,
Goddess of Victory: Nikke (Year 3),My Dress-Up Darling (S1),Nope (2022),,,,
Resident Evil Village: Shadows of Rose,My Dress-Up Darling (S2),Casino Royale (2006),,,,
Death Stranding 2: On the Beach,[DC] Apocalypse Hotel,The Tomorrow War (2021),,,,
Resident Evil Requiem,"Kaguya-sama: Love Is War -Stairway to Adulthood",The Fountain (2006),,,,
Mafia: The Old Country,Arknights: Prelude to Dawn,Colony (2026),,,,
Directive 8020,Arknights: Perish in Frost,Meg 2: The Trench (2023),,,,
PRAGMATA,Jigokuraku (S1),"Good Luck, Have Fun, Don't Die (2025)",,,,
[DC] 007 First Light,[DC] Arknights: Rise From Ember,War of the Worlds (2005),,,,
Wuthering Waves (3.0 - 3.4),Nukitashi The Animation,Moonfall (2022),,,,
Tales of Berseria Remastered,Cosmic Princess Kaguya! (2026),,,,,
Neverness to Everness (1.0 - 1.3),Fate/strange Fake,,,,,
[DC] Assassin's Creed Black Flag Resynced,Jujutsu Kaisen (S3),,,,,
,Hyakuemu. (2025),,,,,
,Tokyo Godfathers (2003),,,,,
,Re:Zero kara Hajimeru Isekai Seikatsu (S3),,,,,
,Sentenced to Be a Hero (S1),,,,,
,Takopi's Original Sin,,,,,
,The Boy and the Heron (2023),,,,,
,Ghost in the Shell (1995),,,,,
,,,,,,
,,,,,,
,,,,,,
,,,,,,
,,,,,,
,,,,,,
,,,,,,
,,,,,,
,,,,,,
,,,,,,
,,,,,,
,,,,,,
,,,,,,
,,,,,,
,,,,,,
,,,,,,
,,,,,,
,,,,,,
,,,,,,
,,,,,,
,,,,,,
,,,,,,
,,,,,,
,,,,,,
,,,,,,
,,,,,,
,,,,,,
,,,,,,
,,,,,,
,,,,,,
,,,,,,
,,,,,,
,,,,,,
,,,,,,
,,,,,,
,,,,,,
,,,,,,
,,,,,,
,,,,,,
,,,,,,
,,,,,,
,,,,,,
,,,,,,
,,,,,,
,,,,,,
,,,,,,
,,,,,,
,,,,,,
,,,,,,
,,,,,,
,,,,,,
,,,,,,
,,,,,,
,,,,,,
,,,,,,
,,,,,,
,,,,,,
,,,,,,
,,,,,,
,,,,,,
,,,,,,   